pmoolrajani,1,8/2/16,8/2/16,
pmoolrajani,1,8/2/16,8/3/16,
pmoolrajani,1,8/2/16,,
pmoolrajani,1,8/2/16,,
pmoolrajani,1,8/3/16,8/3/16,
pmoolrajani,1,8/3/16,8/3/16,
pmoolrajani,1,8/3/16,8/3/16,
pmoolrajani,1,8/3/16,8/4/16,
pmoolrajani,1,8/3/16,8/4/16,
pmoolrajani,1,8/7/16,8/7/16,
pmoolrajani,1,8/8/16,8/10/16,
pmoolrajani,1,8/8/16,8/10/16,
pmoolrajani,1,8/10/16,8/10/16,
pmoolrajani,1,8/12/16,,
pmoolrajani,1,8/12/16,,
pmoolrajani,1,8/12/16,,
pmoolrajani,1,8/12/16,,
pmoolrajani,1,8/13/16,8/14/16,
pmoolrajani,1,8/13/16,8/15/16,
pmoolrajani,1,8/15/16,8/15/16,
pmoolrajani,1,8/15/16,,
pmoolrajani,1,8/15/16,,
pmoolrajani,1,8/15/16,8/17/16,
pmoolrajani,1,8/18/16,,
pmoolrajani,1,8/20/16,8/21/16,
pmoolrajani,1,8/20/16,8/22/16,
pmoolrajani,1,8/20/16,,
pmoolrajani,1,8/26/16,,
pmoolrajani,1,8/27/16,,
pmoolrajani,1,8/27/16,8/28/16,
pmoolrajani,1,8/28/16,8/28/16,
pmoolrajani,1,8/28/16,,
pmoolrajani,1,8/28/16,,
pmoolrajani,1,8/28/16,,
pmoolrajani,1,8/28/16,8/30/16,
pmoolrajani,1,8/29/16,8/29/16,
pmoolrajani,1,8/30/16,9/1/16,
pmoolrajani,1,8/30/16,9/2/16,
pmoolrajani,1,8/30/16,9/2/16,